{
    "accuracy": 0.9735677821894498,
    "precision": 0.9824084306469562,
    "recall": 0.9735677821894498,
    "f1": 0.9771548016396063
}